{
	"NATIB05-PRD": {
		"admin": {
			"URL": ["http://adminurl1.pharma.aventis.com:<port>/administrator/servlet/tibco_administrator", "http://adminurl2:<port>/administrator/servlet/tibco_administrator"],
			"user": "admin",
			"password": "password"
		},
		"ems": {
			"URL": "tcp://url1:<port>,tcp://url2:<port>",
			"user": "admin",
			"password": "password"
		},
		"email": {
			"FROM": "SUPPORT@comapany.com",
			"TO": "to_list@comapany.com",
			"CC": "cc_list@comapany.com",
			"SUBJECT": "MY_DOMAIN_REPORT"
		}
	}
}
